Entity,Code,Year,Share of global cumulative CO₂ emissions from coal
China,CHN,1907,0.03322517
China,CHN,1908,0.06819535
China,CHN,1909,0.102496915
China,CHN,1910,0.13488777
China,CHN,1911,0.1640382
China,CHN,1912,0.1802507
China,CHN,1913,0.20389481
China,CHN,1914,0.22960278
China,CHN,1915,0.25211075
China,CHN,1916,0.27783236
China,CHN,1917,0.30342552
China,CHN,1918,0.33032832
China,CHN,1919,0.36067215
China,CHN,1920,0.390021
China,CHN,1921,0.41796649
China,CHN,1922,0.44520503
China,CHN,1923,0.47547832
China,CHN,1924,0.5061045
China,CHN,1925,0.5324966
China,CHN,1926,0.5558238
China,CHN,1927,0.5783869
China,CHN,1928,0.60140884
China,CHN,1929,0.62268186
China,CHN,1930,0.64519846
China,CHN,1931,0.67027056
China,CHN,1932,0.69467413
China,CHN,1933,0.7203001
China,CHN,1934,0.7495547
China,CHN,1935,0.78398323
China,CHN,1936,0.8170875
China,CHN,1937,0.84469044
China,CHN,1938,0.86626977
China,CHN,1939,0.89374775
China,CHN,1940,0.92773634
China,CHN,1941,0.97339904
China,CHN,1942,1.0245067
China,CHN,1943,1.0633448
China,CHN,1944,1.0977045
China,CHN,1945,1.110164
China,CHN,1946,1.1100986
China,CHN,1947,1.1107842
China,CHN,1948,1.1089685
China,CHN,1949,1.1203648
China,CHN,1950,1.1376226
China,CHN,1951,1.1642009
China,CHN,1952,1.2023284
China,CHN,1953,1.2410914
China,CHN,1954,1.2902716
China,CHN,1955,1.3482226
China,CHN,1956,1.41228
China,CHN,1957,1.490235
China,CHN,1958,1.6782656
China,CHN,1959,1.9360988
China,CHN,1960,2.203373
China,CHN,1961,2.3704057
China,CHN,1962,2.4872725
China,CHN,1963,2.595605
China,CHN,1964,2.6969109
China,CHN,1965,2.805204
China,CHN,1966,2.9221053
China,CHN,1967,3.0045667
China,CHN,1968,3.093597
China,CHN,1969,3.2077212
China,CHN,1970,3.3713238
China,CHN,1971,3.5521603
China,CHN,1972,3.7375665
China,CHN,1973,3.9182565
China,CHN,1974,4.0899353
China,CHN,1975,4.293545
China,CHN,1976,4.4880466
China,CHN,1977,4.6994734
China,CHN,1978,4.935688
China,CHN,1979,5.167456
China,CHN,1980,5.380667
China,CHN,1981,5.5869956
China,CHN,1982,5.8170133
China,CHN,1983,6.0544834
China,CHN,1984,6.3121142
China,CHN,1985,6.583544
China,CHN,1986,6.860174
China,CHN,1987,7.1481104
China,CHN,1988,7.448361
China,CHN,1989,7.7428193
China,CHN,1990,8.041441
China,CHN,1991,8.346417
China,CHN,1992,8.658218
China,CHN,1993,8.98129
China,CHN,1994,9.324146
China,CHN,1995,9.689275
China,CHN,1996,10.055355
China,CHN,1997,10.399136
China,CHN,1998,10.703315
China,CHN,1999,11.021074
China,CHN,2000,11.324581
China,CHN,2001,11.623345
China,CHN,2002,11.972784
China,CHN,2003,12.396759
China,CHN,2004,12.838453
China,CHN,2005,13.35
China,CHN,2006,13.908275
China,CHN,2007,14.493819
China,CHN,2008,15.116226
China,CHN,2009,15.763958
China,CHN,2010,16.446257
China,CHN,2011,17.191967
China,CHN,2012,17.923765
China,CHN,2013,18.625658
China,CHN,2014,19.286165
China,CHN,2015,19.90677
China,CHN,2016,20.485144
China,CHN,2017,21.048742
China,CHN,2018,21.60333
China,CHN,2019,22.165075
China,CHN,2020,22.738329
China,CHN,2021,23.311277
China,CHN,2022,23.906048
China,CHN,2023,24.50589
China,CHN,2024,25.09575
India,IND,1858,0.005841094
India,IND,1859,0.014610909
India,IND,1860,0.022658894
India,IND,1861,0.028066304
India,IND,1862,0.03363753
India,IND,1863,0.039337296
India,IND,1864,0.044024892
India,IND,1865,0.04806305
India,IND,1866,0.052417237
India,IND,1878,0.04043538
India,IND,1879,0.047802962
India,IND,1880,0.055186328
India,IND,1881,0.061652828
India,IND,1882,0.06852889
India,IND,1883,0.07609983
India,IND,1884,0.08360942
India,IND,1885,0.08969877
India,IND,1886,0.095923714
India,IND,1887,0.10267634
India,IND,1888,0.10938734
India,IND,1889,0.11702382
India,IND,1890,0.12495923
India,IND,1891,0.13289528
India,IND,1892,0.14125653
India,IND,1893,0.14916009
India,IND,1894,0.15753998
India,IND,1895,0.16842881
India,IND,1896,0.17970718
India,IND,1897,0.19075522
India,IND,1898,0.20285526
India,IND,1899,0.21525088
India,IND,1900,0.23021522
India,IND,1901,0.24562083
India,IND,1902,0.2624034
India,IND,1903,0.2769036
India,IND,1904,0.29272607
India,IND,1905,0.30710658
India,IND,1906,0.32389128
India,IND,1907,0.34138808
India,IND,1908,0.36256868
India,IND,1909,0.37901488
India,IND,1910,0.39382973
India,IND,1911,0.40887472
India,IND,1912,0.42655936
India,IND,1913,0.44482586
India,IND,1914,0.46405578
India,IND,1915,0.4836167
India,IND,1916,0.50083715
India,IND,1917,0.5179646
India,IND,1918,0.53888124
India,IND,1919,0.56476074
India,IND,1920,0.5785186
India,IND,1921,0.59642047
India,IND,1922,0.61231685
India,IND,1923,0.6262393
India,IND,1924,0.6417287
India,IND,1925,0.65594864
India,IND,1926,0.66994447
India,IND,1927,0.68319553
India,IND,1928,0.69669485
India,IND,1929,0.7094816
India,IND,1930,0.72379774
India,IND,1931,0.73681295
India,IND,1932,0.7489954
India,IND,1933,0.7596329
India,IND,1934,0.7713544
India,IND,1935,0.78312606
India,IND,1936,0.7923777
India,IND,1937,0.8030792
India,IND,1938,0.8182819
India,IND,1939,0.83114064
India,IND,1940,0.8433159
India,IND,1941,0.8545431
India,IND,1942,0.86509466
India,IND,1943,0.8711411
India,IND,1944,0.87780994
India,IND,1945,0.89141136
India,IND,1946,0.90314245
India,IND,1947,0.91329056
India,IND,1948,0.9224614
India,IND,1949,0.93359715
India,IND,1950,0.9417732
India,IND,1951,0.9496136
India,IND,1952,0.9591213
India,IND,1953,0.9686528
India,IND,1954,0.9785643
India,IND,1955,0.9880381
India,IND,1956,0.9968188
India,IND,1957,1.0082576
India,IND,1958,1.0202116
India,IND,1959,1.0324113
India,IND,1960,1.0466783
India,IND,1961,1.0640988
India,IND,1962,1.0842217
India,IND,1963,1.1055839
India,IND,1964,1.1239542
India,IND,1965,1.1452148
India,IND,1966,1.1655871
India,IND,1967,1.186311
India,IND,1968,1.2076868
India,IND,1969,1.2272751
India,IND,1970,1.2454315
India,IND,1971,1.2640305
India,IND,1972,1.2843909
India,IND,1973,1.3044
India,IND,1974,1.3261448
India,IND,1975,1.3512765
India,IND,1976,1.3769205
India,IND,1977,1.4035469
India,IND,1978,1.4278013
India,IND,1979,1.4516468
India,IND,1980,1.4784992
India,IND,1981,1.5080557
India,IND,1982,1.5367521
India,IND,1983,1.5686649
India,IND,1984,1.5977979
India,IND,1985,1.6290325
India,IND,1986,1.663461
India,IND,1987,1.6998626
India,IND,1988,1.7396226
India,IND,1989,1.7830167
India,IND,1990,1.8315028
India,IND,1991,1.8844228
India,IND,1992,1.9402859
India,IND,1993,1.9983488
India,IND,1994,2.0589318
India,IND,1995,2.1196275
India,IND,1996,2.1838682
India,IND,1997,2.2506773
India,IND,1998,2.3155217
India,IND,1999,2.3846729
India,IND,2000,2.4522471
India,IND,2001,2.5189834
India,IND,2002,2.5844748
India,IND,2003,2.6486151
India,IND,2004,2.7165313
India,IND,2005,2.7875254
India,IND,2006,2.8614936
India,IND,2007,2.941078
India,IND,2008,3.0263793
India,IND,2009,3.120499
India,IND,2010,3.2112103
India,IND,2011,3.3030186
India,IND,2012,3.4096622
India,IND,2013,3.521442
India,IND,2014,3.6467786
India,IND,2015,3.7746954
India,IND,2016,3.9060776
India,IND,2017,4.038441
India,IND,2018,4.1796975
India,IND,2019,4.315072
India,IND,2020,4.435148
India,IND,2021,4.572566
India,IND,2022,4.713016
India,IND,2023,4.8682995
India,IND,2024,5.025811
United Kingdom,GBR,1750,100
United Kingdom,GBR,1751,100
United Kingdom,GBR,1752,100
United Kingdom,GBR,1753,100
United Kingdom,GBR,1754,100
United Kingdom,GBR,1755,100
United Kingdom,GBR,1756,100
United Kingdom,GBR,1757,100
United Kingdom,GBR,1758,100.00001
United Kingdom,GBR,1759,99.99999
United Kingdom,GBR,1760,100
United Kingdom,GBR,1761,100
United Kingdom,GBR,1762,99.99999
United Kingdom,GBR,1763,100
United Kingdom,GBR,1764,100
United Kingdom,GBR,1765,100
United Kingdom,GBR,1766,100
United Kingdom,GBR,1767,99.99999
United Kingdom,GBR,1768,100
United Kingdom,GBR,1769,100.00001
United Kingdom,GBR,1770,100
United Kingdom,GBR,1771,100
United Kingdom,GBR,1772,100
United Kingdom,GBR,1773,100
United Kingdom,GBR,1774,100
United Kingdom,GBR,1775,100
United Kingdom,GBR,1776,100
United Kingdom,GBR,1777,100
United Kingdom,GBR,1778,100
United Kingdom,GBR,1779,100.00001
United Kingdom,GBR,1780,100.00001
United Kingdom,GBR,1781,100.00001
United Kingdom,GBR,1782,100
United Kingdom,GBR,1783,100
United Kingdom,GBR,1784,100
United Kingdom,GBR,1785,99.9992
United Kingdom,GBR,1786,99.99847
United Kingdom,GBR,1787,99.99779
United Kingdom,GBR,1788,99.99715
United Kingdom,GBR,1789,99.99657
United Kingdom,GBR,1790,99.99604
United Kingdom,GBR,1791,99.99554
United Kingdom,GBR,1792,99.91656
United Kingdom,GBR,1793,99.84148
United Kingdom,GBR,1794,99.77741
United Kingdom,GBR,1795,99.71706
United Kingdom,GBR,1796,99.647705
United Kingdom,GBR,1797,99.58061
United Kingdom,GBR,1798,99.51473
United Kingdom,GBR,1799,99.44928
United Kingdom,GBR,1800,99.28796
United Kingdom,GBR,1801,99.163956
United Kingdom,GBR,1802,98.053566
United Kingdom,GBR,1803,97.97278
United Kingdom,GBR,1804,97.612434
United Kingdom,GBR,1805,97.4859
United Kingdom,GBR,1806,97.38748
United Kingdom,GBR,1807,97.12705
United Kingdom,GBR,1808,97.053894
United Kingdom,GBR,1809,96.98639
United Kingdom,GBR,1810,96.73132
United Kingdom,GBR,1811,96.50124
United Kingdom,GBR,1812,96.2841
United Kingdom,GBR,1813,96.10025
United Kingdom,GBR,1814,95.91598
United Kingdom,GBR,1815,95.708694
United Kingdom,GBR,1816,95.40099
United Kingdom,GBR,1817,95.03681
United Kingdom,GBR,1818,94.69666
United Kingdom,GBR,1819,94.3781
United Kingdom,GBR,1820,94.044495
United Kingdom,GBR,1821,93.71222
United Kingdom,GBR,1822,93.38549
United Kingdom,GBR,1823,93.0463
United Kingdom,GBR,1824,92.746086
United Kingdom,GBR,1825,92.385185
United Kingdom,GBR,1826,92.04377
United Kingdom,GBR,1827,91.62088
United Kingdom,GBR,1828,91.21148
United Kingdom,GBR,1829,90.8723
United Kingdom,GBR,1830,90.281044
United Kingdom,GBR,1831,89.81816
United Kingdom,GBR,1832,89.35023
United Kingdom,GBR,1833,88.8461
United Kingdom,GBR,1834,88.335945
United Kingdom,GBR,1835,87.81509
United Kingdom,GBR,1836,87.26071
United Kingdom,GBR,1837,86.65396
United Kingdom,GBR,1838,86.04473
United Kingdom,GBR,1839,85.44317
United Kingdom,GBR,1840,84.796555
United Kingdom,GBR,1841,84.12744
United Kingdom,GBR,1842,83.44296
United Kingdom,GBR,1843,82.83319
United Kingdom,GBR,1844,82.19953
United Kingdom,GBR,1845,81.4869
United Kingdom,GBR,1846,80.67047
United Kingdom,GBR,1847,79.81719
United Kingdom,GBR,1848,79.14218
United Kingdom,GBR,1849,78.50582
United Kingdom,GBR,1850,77.831024
United Kingdom,GBR,1851,77.06019
United Kingdom,GBR,1852,76.210625
United Kingdom,GBR,1853,75.27987
United Kingdom,GBR,1854,74.34192
United Kingdom,GBR,1855,73.270874
United Kingdom,GBR,1856,72.24027
United Kingdom,GBR,1857,71.22724
United Kingdom,GBR,1858,70.21265
United Kingdom,GBR,1859,69.32397
United Kingdom,GBR,1860,68.481766
United Kingdom,GBR,1861,67.661705
United Kingdom,GBR,1862,66.79017
United Kingdom,GBR,1863,65.93423
United Kingdom,GBR,1864,65.08459
United Kingdom,GBR,1865,64.26073
United Kingdom,GBR,1866,63.48533
United Kingdom,GBR,1867,62.638725
United Kingdom,GBR,1868,61.75196
United Kingdom,GBR,1869,60.874043
United Kingdom,GBR,1870,60.05905
United Kingdom,GBR,1871,59.26314
United Kingdom,GBR,1872,58.362976
United Kingdom,GBR,1873,57.457485
United Kingdom,GBR,1874,56.75161
United Kingdom,GBR,1875,56.002357
United Kingdom,GBR,1876,55.283207
United Kingdom,GBR,1877,54.616272
United Kingdom,GBR,1878,53.961197
United Kingdom,GBR,1879,53.22366
United Kingdom,GBR,1880,52.40765
United Kingdom,GBR,1881,51.664726
United Kingdom,GBR,1882,50.878212
United Kingdom,GBR,1883,50.0735
United Kingdom,GBR,1884,49.2812
United Kingdom,GBR,1885,48.52925
United Kingdom,GBR,1886,47.810127
United Kingdom,GBR,1887,47.09499
United Kingdom,GBR,1888,46.289692
United Kingdom,GBR,1889,45.591743
United Kingdom,GBR,1890,44.82333
United Kingdom,GBR,1891,44.0568
United Kingdom,GBR,1892,43.31324
United Kingdom,GBR,1893,42.541958
United Kingdom,GBR,1894,41.901695
United Kingdom,GBR,1895,41.231125
United Kingdom,GBR,1896,40.590343
United Kingdom,GBR,1897,39.953003
United Kingdom,GBR,1898,39.28264
United Kingdom,GBR,1899,38.59044
United Kingdom,GBR,1900,37.88814
United Kingdom,GBR,1901,37.180298
United Kingdom,GBR,1902,36.528564
United Kingdom,GBR,1903,35.805058
United Kingdom,GBR,1904,35.136395
United Kingdom,GBR,1905,34.439022
United Kingdom,GBR,1906,33.764023
United Kingdom,GBR,1907,32.99306
United Kingdom,GBR,1908,32.334595
United Kingdom,GBR,1909,31.684135
United Kingdom,GBR,1910,31.031908
United Kingdom,GBR,1911,30.432476
United Kingdom,GBR,1912,29.78483
United Kingdom,GBR,1913,29.150248
United Kingdom,GBR,1914,28.66411
United Kingdom,GBR,1915,28.242363
United Kingdom,GBR,1916,27.798103
United Kingdom,GBR,1917,27.333626
United Kingdom,GBR,1918,26.872816
United Kingdom,GBR,1919,26.576403
United Kingdom,GBR,1920,26.210014
United Kingdom,GBR,1921,25.833847
United Kingdom,GBR,1922,25.555609
United Kingdom,GBR,1923,25.227003
United Kingdom,GBR,1924,24.93376
United Kingdom,GBR,1925,24.63363
United Kingdom,GBR,1926,24.189726
United Kingdom,GBR,1927,23.895416
United Kingdom,GBR,1928,23.60437
United Kingdom,GBR,1929,23.30729
United Kingdom,GBR,1930,23.065424
United Kingdom,GBR,1931,22.879728
United Kingdom,GBR,1932,22.742203
United Kingdom,GBR,1933,22.587666
United Kingdom,GBR,1934,22.421717
United Kingdom,GBR,1935,22.248125
United Kingdom,GBR,1936,22.054466
United Kingdom,GBR,1937,21.852777
United Kingdom,GBR,1938,21.679941
United Kingdom,GBR,1939,21.490963
United Kingdom,GBR,1940,21.277113
United Kingdom,GBR,1941,21.056831
United Kingdom,GBR,1942,20.843805
United Kingdom,GBR,1943,20.630442
United Kingdom,GBR,1944,20.426476
United Kingdom,GBR,1945,20.315346
United Kingdom,GBR,1946,20.189547
United Kingdom,GBR,1947,20.039787
United Kingdom,GBR,1948,19.886509
United Kingdom,GBR,1949,19.76155
United Kingdom,GBR,1950,19.602655
United Kingdom,GBR,1951,19.446167
United Kingdom,GBR,1952,19.293114
United Kingdom,GBR,1953,19.147322
United Kingdom,GBR,1954,19.010368
United Kingdom,GBR,1955,18.85716
United Kingdom,GBR,1956,18.689196
United Kingdom,GBR,1957,18.515905
United Kingdom,GBR,1958,18.333958
United Kingdom,GBR,1959,18.130602
United Kingdom,GBR,1960,17.92977
United Kingdom,GBR,1961,17.750586
United Kingdom,GBR,1962,17.577307
United Kingdom,GBR,1963,17.39932
United Kingdom,GBR,1964,17.216383
United Kingdom,GBR,1965,17.03426
United Kingdom,GBR,1966,16.848509
United Kingdom,GBR,1967,16.66265
United Kingdom,GBR,1968,16.480963
United Kingdom,GBR,1969,16.29396
United Kingdom,GBR,1970,16.099005
United Kingdom,GBR,1971,15.90755
United Kingdom,GBR,1972,15.707923
United Kingdom,GBR,1973,15.508017
United Kingdom,GBR,1974,15.30542
United Kingdom,GBR,1975,15.106616
United Kingdom,GBR,1976,14.905298
United Kingdom,GBR,1977,14.703781
United Kingdom,GBR,1978,14.500564
United Kingdom,GBR,1979,14.299472
United Kingdom,GBR,1980,14.092894
United Kingdom,GBR,1981,13.896032
United Kingdom,GBR,1982,13.697465
United Kingdom,GBR,1983,13.499754
United Kingdom,GBR,1984,13.280532
United Kingdom,GBR,1985,13.065635
United Kingdom,GBR,1986,12.859233
United Kingdom,GBR,1987,12.654891
United Kingdom,GBR,1988,12.448088
United Kingdom,GBR,1989,12.249151
United Kingdom,GBR,1990,12.064426
United Kingdom,GBR,1991,11.889367
United Kingdom,GBR,1992,11.72291
United Kingdom,GBR,1993,11.553253
United Kingdom,GBR,1994,11.386027
United Kingdom,GBR,1995,11.216166
United Kingdom,GBR,1996,11.045689
United Kingdom,GBR,1997,10.878757
United Kingdom,GBR,1998,10.722621
United Kingdom,GBR,1999,10.566225
United Kingdom,GBR,2000,10.409355
United Kingdom,GBR,2001,10.258573
United Kingdom,GBR,2002,10.102878
United Kingdom,GBR,2003,9.939637
United Kingdom,GBR,2004,9.775481
United Kingdom,GBR,2005,9.606125
United Kingdom,GBR,2006,9.435335
United Kingdom,GBR,2007,9.260713
United Kingdom,GBR,2008,9.085143
United Kingdom,GBR,2009,8.914966
United Kingdom,GBR,2010,8.739868
United Kingdom,GBR,2011,8.561804
United Kingdom,GBR,2012,8.394101
United Kingdom,GBR,2013,8.231838
United Kingdom,GBR,2014,8.071932
United Kingdom,GBR,2015,7.919379
United Kingdom,GBR,2016,7.7704964
United Kingdom,GBR,2017,7.6244226
United Kingdom,GBR,2018,7.4805107
United Kingdom,GBR,2019,7.341525
United Kingdom,GBR,2020,7.2114935
United Kingdom,GBR,2021,7.0800085
United Kingdom,GBR,2022,6.9487967
United Kingdom,GBR,2023,6.8206687
United Kingdom,GBR,2024,6.6958113
United States,USA,1800,0.031924415
United States,USA,1801,0.06314891
United States,USA,1802,0.09369683
United States,USA,1803,0.123806566
United States,USA,1804,0.15558223
United States,USA,1805,0.18611494
United States,USA,1806,0.21366026
United States,USA,1807,0.24291354
United States,USA,1808,0.27173233
United States,USA,1809,0.29945952
United States,USA,1810,0.32579467
United States,USA,1811,0.35264817
United States,USA,1812,0.3805396
United States,USA,1813,0.40940565
United States,USA,1814,0.439197
United States,USA,1815,0.46963993
United States,USA,1816,0.50196713
United States,USA,1817,0.534666
United States,USA,1818,0.5685758
United States,USA,1819,0.5992179
United States,USA,1820,0.6298187
United States,USA,1821,0.66022676
United States,USA,1822,0.69013023
United States,USA,1823,0.7193222
United States,USA,1824,0.7524585
United States,USA,1825,0.7886917
United States,USA,1826,0.83165133
United States,USA,1827,0.8766634
United States,USA,1828,0.92548144
United States,USA,1829,0.9808638
United States,USA,1830,1.0355551
United States,USA,1831,1.096365
United States,USA,1832,1.185257
United States,USA,1833,1.2881069
United States,USA,1834,1.3755469
United States,USA,1835,1.4875495
United States,USA,1836,1.6011429
United States,USA,1837,1.7267311
United States,USA,1838,1.834345
United States,USA,1839,1.9479717
United States,USA,1840,2.0590231
United States,USA,1841,2.1701956
United States,USA,1842,2.289095
United States,USA,1843,2.421005
United States,USA,1844,2.5783343
United States,USA,1845,2.763783
United States,USA,1846,2.9703329
United States,USA,1847,3.2075436
United States,USA,1848,3.4631317
United States,USA,1849,3.7214434
United States,USA,1850,3.9828217
United States,USA,1851,4.319254
United States,USA,1852,4.663609
United States,USA,1853,5.0350027
United States,USA,1854,5.3947086
United States,USA,1855,5.802957
United States,USA,1856,6.1891327
United States,USA,1857,6.554862
United States,USA,1858,6.8944683
United States,USA,1859,7.2411637
United States,USA,1860,7.555099
United States,USA,1861,7.7943273
United States,USA,1862,8.023737
United States,USA,1863,8.299967
United States,USA,1864,8.569116
United States,USA,1865,8.790892
United States,USA,1866,8.98004
United States,USA,1867,9.258441
United States,USA,1868,9.5873575
United States,USA,1869,9.959868
United States,USA,1870,10.328893
United States,USA,1871,10.672909
United States,USA,1872,11.111703
United States,USA,1873,11.564579
United States,USA,1874,11.971108
United States,USA,1875,12.3157215
United States,USA,1876,12.604306
United States,USA,1877,12.937471
United States,USA,1878,13.215592
United States,USA,1879,13.603216
United States,USA,1880,13.999077
United States,USA,1881,14.396327
United States,USA,1882,14.842383
United States,USA,1883,15.305192
United States,USA,1884,15.7781105
United States,USA,1885,16.22069
United States,USA,1886,16.657143
United States,USA,1887,17.090662
United States,USA,1888,17.649147
United States,USA,1889,18.027327
United States,USA,1890,18.527668
United States,USA,1891,19.031775
United States,USA,1892,19.567606
United States,USA,1893,20.087166
United States,USA,1894,20.452988
United States,USA,1895,20.894567
United States,USA,1896,21.270054
United States,USA,1897,21.627724
United States,USA,1898,22.024797
United States,USA,1899,22.492943
United States,USA,1900,22.953262
United States,USA,1901,23.46806
United States,USA,1902,23.991007
United States,USA,1903,24.63123
United States,USA,1904,25.171
United States,USA,1905,25.773077
United States,USA,1906,26.366484
United States,USA,1907,27.014162
United States,USA,1908,27.410671
United States,USA,1909,27.89392
United States,USA,1910,28.421389
United States,USA,1911,28.866684
United States,USA,1912,29.327621
United States,USA,1913,29.761864
United States,USA,1914,30.120033
United States,USA,1915,30.525478
United States,USA,1916,30.974873
United States,USA,1917,31.49913
United States,USA,1918,32.078472
United States,USA,1919,32.484985
United States,USA,1920,32.93859
United States,USA,1921,33.197426
United States,USA,1922,33.38188
United States,USA,1923,33.8086
United States,USA,1924,34.031437
United States,USA,1925,34.266586
United States,USA,1926,34.62736
United States,USA,1927,34.803627
United States,USA,1928,34.94868
United States,USA,1929,35.085003
United States,USA,1930,35.16933
United States,USA,1931,35.18818
United States,USA,1932,35.14881
United States,USA,1933,35.12156
United States,USA,1934,35.0877
United States,USA,1935,35.039165
United States,USA,1936,35.0336
United States,USA,1937,34.987633
United States,USA,1938,34.842495
United States,USA,1939,34.73317
United States,USA,1940,34.640495
United States,USA,1941,34.609398
United States,USA,1942,34.671623
United States,USA,1943,34.73485
United States,USA,1944,34.84904
United States,USA,1945,35.058132
United States,USA,1946,35.14787
United States,USA,1947,35.24202
United States,USA,1948,35.30235
United States,USA,1949,35.204826
United States,USA,1950,35.149887
United States,USA,1951,35.03897
United States,USA,1952,34.87491
United States,USA,1953,34.708096
United States,USA,1954,34.477573
United States,USA,1955,34.255116
United States,USA,1956,34.02639
United States,USA,1957,33.775127
United States,USA,1958,33.465557
United States,USA,1959,33.15105
United States,USA,1960,32.82461
United States,USA,1961,32.52755
United States,USA,1962,32.25733
United States,USA,1963,32.00088
United States,USA,1964,31.765335
United States,USA,1965,31.545479
United States,USA,1966,31.342546
United States,USA,1967,31.168137
United States,USA,1968,30.985626
United States,USA,1969,30.79505
United States,USA,1970,30.5963
United States,USA,1971,30.38479
United States,USA,1972,30.187695
United States,USA,1973,30.011538
United States,USA,1974,29.835005
United States,USA,1975,29.644575
United States,USA,1976,29.463383
United States,USA,1977,29.285131
United States,USA,1978,29.10925
United States,USA,1979,28.943474
United States,USA,1980,28.777828
United States,USA,1981,28.629192
United States,USA,1982,28.462572
United States,USA,1983,28.306011
United States,USA,1984,28.151865
United States,USA,1985,27.975761
United States,USA,1986,27.793425
United States,USA,1987,27.619627
United States,USA,1988,27.452318
United States,USA,1989,27.295673
United States,USA,1990,27.162647
United States,USA,1991,27.036032
United States,USA,1992,26.930407
United States,USA,1993,26.8367
United States,USA,1994,26.745714
United States,USA,1995,26.648506
United States,USA,1996,26.558458
United States,USA,1997,26.482512
United States,USA,1998,26.42677
United States,USA,1999,26.365698
United States,USA,2000,26.310068
United States,USA,2001,26.241138
United States,USA,2002,26.155216
United States,USA,2003,26.040186
United States,USA,2004,25.916159
United States,USA,2005,25.770395
United States,USA,2006,25.596428
United States,USA,2007,25.408981
United States,USA,2008,25.206427
United States,USA,2009,24.977633
United States,USA,2010,24.73904
United States,USA,2011,24.465008
United States,USA,2012,24.16507
United States,USA,2013,23.883806
United States,USA,2014,23.612108
United States,USA,2015,23.330687
United States,USA,2016,23.053652
United States,USA,2017,22.77627
United States,USA,2018,22.494583
United States,USA,2019,22.202032
United States,USA,2020,21.908413
United States,USA,2021,21.621962
United States,USA,2022,21.325762
United States,USA,2023,21.016897
United States,USA,2024,20.712261
World,OWID_WRL,1750,100
World,OWID_WRL,1751,100
World,OWID_WRL,1752,100
World,OWID_WRL,1753,100
World,OWID_WRL,1754,100
World,OWID_WRL,1755,100
World,OWID_WRL,1756,100
World,OWID_WRL,1757,100
World,OWID_WRL,1758,100.00001
World,OWID_WRL,1759,99.99999
World,OWID_WRL,1760,100
World,OWID_WRL,1761,100
World,OWID_WRL,1762,99.99999
World,OWID_WRL,1763,100
World,OWID_WRL,1764,100
World,OWID_WRL,1765,100
World,OWID_WRL,1766,100
World,OWID_WRL,1767,99.99999
World,OWID_WRL,1768,100
World,OWID_WRL,1769,100.00001
World,OWID_WRL,1770,100
World,OWID_WRL,1771,100
World,OWID_WRL,1772,100
World,OWID_WRL,1773,100
World,OWID_WRL,1774,100
World,OWID_WRL,1775,100
World,OWID_WRL,1776,100
World,OWID_WRL,1777,100
World,OWID_WRL,1778,100
World,OWID_WRL,1779,100.00001
World,OWID_WRL,1780,100.00001
World,OWID_WRL,1781,100.00001
World,OWID_WRL,1782,100
World,OWID_WRL,1783,100
World,OWID_WRL,1784,100
World,OWID_WRL,1785,100
World,OWID_WRL,1786,100.00001
World,OWID_WRL,1787,100
World,OWID_WRL,1788,100
World,OWID_WRL,1789,100
World,OWID_WRL,1790,100
World,OWID_WRL,1791,100
World,OWID_WRL,1792,100
World,OWID_WRL,1793,99.99999
World,OWID_WRL,1794,99.999985
World,OWID_WRL,1795,99.99999
World,OWID_WRL,1796,99.999985
World,OWID_WRL,1797,100
World,OWID_WRL,1798,100.00001
World,OWID_WRL,1799,100
World,OWID_WRL,1800,99.99999
World,OWID_WRL,1801,100
World,OWID_WRL,1802,100.00001
World,OWID_WRL,1803,100.00001
World,OWID_WRL,1804,100
World,OWID_WRL,1805,100.00001
World,OWID_WRL,1806,100.00001
World,OWID_WRL,1807,100
World,OWID_WRL,1808,100.00001
World,OWID_WRL,1809,100.00001
World,OWID_WRL,1810,100
World,OWID_WRL,1811,100.00001
World,OWID_WRL,1812,100.000015
World,OWID_WRL,1813,100.00001
World,OWID_WRL,1814,100.00001
World,OWID_WRL,1815,100.00001
World,OWID_WRL,1816,100.00001
World,OWID_WRL,1817,100.00001
World,OWID_WRL,1818,100.000015
World,OWID_WRL,1819,100.00001
World,OWID_WRL,1820,100.000015
World,OWID_WRL,1821,100.00001
World,OWID_WRL,1822,100.00001
World,OWID_WRL,1823,100.00001
World,OWID_WRL,1824,100.00001
World,OWID_WRL,1825,100.00001
World,OWID_WRL,1826,100.00001
World,OWID_WRL,1827,100
World,OWID_WRL,1828,100.00001
World,OWID_WRL,1829,100
World,OWID_WRL,1830,100
World,OWID_WRL,1831,100
World,OWID_WRL,1832,100
World,OWID_WRL,1833,100
World,OWID_WRL,1834,100
World,OWID_WRL,1835,100
World,OWID_WRL,1836,99.99999
World,OWID_WRL,1837,99.99999
World,OWID_WRL,1838,99.99999
World,OWID_WRL,1839,99.999985
World,OWID_WRL,1840,99.999985
World,OWID_WRL,1841,99.99999
World,OWID_WRL,1842,99.99999
World,OWID_WRL,1843,99.99999
World,OWID_WRL,1844,100
World,OWID_WRL,1845,99.99999
World,OWID_WRL,1846,99.99999
World,OWID_WRL,1847,99.99999
World,OWID_WRL,1848,100
World,OWID_WRL,1849,100
World,OWID_WRL,1850,100
World,OWID_WRL,1851,100
World,OWID_WRL,1852,100
World,OWID_WRL,1853,100
World,OWID_WRL,1854,100
World,OWID_WRL,1855,100.00001
World,OWID_WRL,1856,100
World,OWID_WRL,1857,100.00001
World,OWID_WRL,1858,100
World,OWID_WRL,1859,99.99999
World,OWID_WRL,1860,100
World,OWID_WRL,1861,100
World,OWID_WRL,1862,100.00001
World,OWID_WRL,1863,100
World,OWID_WRL,1864,100
World,OWID_WRL,1865,100
World,OWID_WRL,1866,100
World,OWID_WRL,1867,99.99999
World,OWID_WRL,1868,99.99999
World,OWID_WRL,1869,99.99999
World,OWID_WRL,1870,100.00001
World,OWID_WRL,1871,99.999985
World,OWID_WRL,1872,99.999985
World,OWID_WRL,1873,99.99999
World,OWID_WRL,1874,100
World,OWID_WRL,1875,99.99999
World,OWID_WRL,1876,99.99999
World,OWID_WRL,1877,99.99999
World,OWID_WRL,1878,99.99999
World,OWID_WRL,1879,100
World,OWID_WRL,1880,100
World,OWID_WRL,1881,100
World,OWID_WRL,1882,100
World,OWID_WRL,1883,100
World,OWID_WRL,1884,100
World,OWID_WRL,1885,100.000015
World,OWID_WRL,1886,100.00001
World,OWID_WRL,1887,100.00001
World,OWID_WRL,1888,100
World,OWID_WRL,1889,100.00001
World,OWID_WRL,1890,100.00001
World,OWID_WRL,1891,100.00001
World,OWID_WRL,1892,100.00001
World,OWID_WRL,1893,100.00001
World,OWID_WRL,1894,100
World,OWID_WRL,1895,100.00001
World,OWID_WRL,1896,100.00001
World,OWID_WRL,1897,100.000015
World,OWID_WRL,1898,100.00002
World,OWID_WRL,1899,100.00001
World,OWID_WRL,1900,100.00001
World,OWID_WRL,1901,100.000015
World,OWID_WRL,1902,100.000015
World,OWID_WRL,1903,100.000015
World,OWID_WRL,1904,100.000015
World,OWID_WRL,1905,100.00001
World,OWID_WRL,1906,100.00001
World,OWID_WRL,1907,100.00001
World,OWID_WRL,1908,100
World,OWID_WRL,1909,100.00001
World,OWID_WRL,1910,100.00001
World,OWID_WRL,1911,100
World,OWID_WRL,1912,100
World,OWID_WRL,1913,100.000015
World,OWID_WRL,1914,100.00001
World,OWID_WRL,1915,100.00001
World,OWID_WRL,1916,100.00001
World,OWID_WRL,1917,100.00002
World,OWID_WRL,1918,100.00001
World,OWID_WRL,1919,100.00001
World,OWID_WRL,1920,100.000015
World,OWID_WRL,1921,100.000015
World,OWID_WRL,1922,100.00001
World,OWID_WRL,1923,100.00001
World,OWID_WRL,1924,100.00001
World,OWID_WRL,1925,100.000015
World,OWID_WRL,1926,100.000015
World,OWID_WRL,1927,100.000015
World,OWID_WRL,1928,100.00001
World,OWID_WRL,1929,100.00001
World,OWID_WRL,1930,100.000015
World,OWID_WRL,1931,100.000015
World,OWID_WRL,1932,100.00001
World,OWID_WRL,1933,100.00001
World,OWID_WRL,1934,100.00001
World,OWID_WRL,1935,100
World,OWID_WRL,1936,100
World,OWID_WRL,1937,100
World,OWID_WRL,1938,100.000015
World,OWID_WRL,1939,100.000015
World,OWID_WRL,1940,100.00001
World,OWID_WRL,1941,100.000015
World,OWID_WRL,1942,100.000015
World,OWID_WRL,1943,100.000015
World,OWID_WRL,1944,100.00001
World,OWID_WRL,1945,100
World,OWID_WRL,1946,100.000015
World,OWID_WRL,1947,100.00002
World,OWID_WRL,1948,100.000015
World,OWID_WRL,1949,100.000015
World,OWID_WRL,1950,100
World,OWID_WRL,1951,100.000015
World,OWID_WRL,1952,100.000015
World,OWID_WRL,1953,100.00002
World,OWID_WRL,1954,100.000015
World,OWID_WRL,1955,100.000015
World,OWID_WRL,1956,100.000015
World,OWID_WRL,1957,100.000015
World,OWID_WRL,1958,100.000015
World,OWID_WRL,1959,100.000015
World,OWID_WRL,1960,100.000015
World,OWID_WRL,1961,100.000015
World,OWID_WRL,1962,100.00002
World,OWID_WRL,1963,100.00002
World,OWID_WRL,1964,100.00002
World,OWID_WRL,1965,100.00003
World,OWID_WRL,1966,100.00003
World,OWID_WRL,1967,100.00002
World,OWID_WRL,1968,100.00004
World,OWID_WRL,1969,100.00003
World,OWID_WRL,1970,100.00003
World,OWID_WRL,1971,100.00003
World,OWID_WRL,1972,100.00003
World,OWID_WRL,1973,100.000046
World,OWID_WRL,1974,100.00003
World,OWID_WRL,1975,100.00004
World,OWID_WRL,1976,100.00004
World,OWID_WRL,1977,100.00004
World,OWID_WRL,1978,100.00004
World,OWID_WRL,1979,100.00004
World,OWID_WRL,1980,100.00004
World,OWID_WRL,1981,100.00004
World,OWID_WRL,1982,100.00003
World,OWID_WRL,1983,100.00002
World,OWID_WRL,1984,100.00002
World,OWID_WRL,1985,100.00002
World,OWID_WRL,1986,100.00003
World,OWID_WRL,1987,100.00002
World,OWID_WRL,1988,100.00002
World,OWID_WRL,1989,100.00002
World,OWID_WRL,1990,100.00002
World,OWID_WRL,1991,100.00002
World,OWID_WRL,1992,100.00002
World,OWID_WRL,1993,100.00002
World,OWID_WRL,1994,100.00002
World,OWID_WRL,1995,100.00002
World,OWID_WRL,1996,100.000015
World,OWID_WRL,1997,100.00002
World,OWID_WRL,1998,100.00002
World,OWID_WRL,1999,100.00002
World,OWID_WRL,2000,100.00002
World,OWID_WRL,2001,100.00002
World,OWID_WRL,2002,100.00002
World,OWID_WRL,2003,100.00001
World,OWID_WRL,2004,100.00002
World,OWID_WRL,2005,100.00002
World,OWID_WRL,2006,100.00002
World,OWID_WRL,2007,100.00002
World,OWID_WRL,2008,100.00002
World,OWID_WRL,2009,100.00002
World,OWID_WRL,2010,100.00002
World,OWID_WRL,2011,100.00001
World,OWID_WRL,2012,100.000015
World,OWID_WRL,2013,100.00001
World,OWID_WRL,2014,100.00001
World,OWID_WRL,2015,100.00001
World,OWID_WRL,2016,100.00001
World,OWID_WRL,2017,100.00002
World,OWID_WRL,2018,100.00002
World,OWID_WRL,2019,100.000015
World,OWID_WRL,2020,100.000015
World,OWID_WRL,2021,100.00001
World,OWID_WRL,2022,100.000015
World,OWID_WRL,2023,100.000015
World,OWID_WRL,2024,100.00001