Entity,Code,Year,Oil,Coal,Cement,Gas,Flaring,Other industry
United States,USA,1800,0,252815.98,0,0,,
United States,USA,1801,0,267472,0,0,,
United States,USA,1802,0,289456,0,0,,
United States,USA,1803,0,296784,0,0,,
United States,USA,1804,0,333424,0,0,,
United States,USA,1805,0,340752,0,0,,
United States,USA,1806,0,333424,0,0,,
United States,USA,1807,0,377392,0,0,,
United States,USA,1808,0,392048,0,0,,
United States,USA,1809,0,403040,0,0,,
United States,USA,1810,0,417696,0,0,,
United States,USA,1811,0,447008,0,0,,
United States,USA,1812,0,483648,0,0,,
United States,USA,1813,0,520288,0,0,,
United States,USA,1814,0,560592,0,0,,
United States,USA,1815,0,600896,0,0,,
United States,USA,1816,0,663184,0,0,,
United States,USA,1817,0,718144,0,0,,
United States,USA,1818,0,780432,0,0,,
United States,USA,1819,0,762112,0,0,,
United States,USA,1820,0,791424,0,0,,
United States,USA,1821,0,828064,0,0,,
United States,USA,1822,0,864704,0,0,,
United States,USA,1823,0,901344,0,0,,
United States,USA,1824,0,1014928,0,0,,
United States,USA,1825,0,1135840,0,0,,
United States,USA,1826,0,1315376,0,0,,
United States,USA,1827,0,1447280,0,0,,
United States,USA,1828,0,1593840,0,0,,
United States,USA,1829,0,1795360,0,0,,
United States,USA,1830,0,2088480,0,0,,
United States,USA,1831,0,2264352,0,0,,
United States,USA,1832,0,3022800,0,0,,
United States,USA,1833,0,3528432,0,0,,
United States,USA,1834,0,3381872,0,0,,
United States,USA,1835,0,4316192,0,0,,
United States,USA,1836,0,4730224,0,0,,
United States,USA,1837,0,5305472,0,0,,
United States,USA,1838,0,5030672,0,0,,
United States,USA,1839,0,5517984,0,0,,
United States,USA,1840,0,5873392,0,0,,
United States,USA,1841,0,6214144,0,0,,
United States,USA,1842,0,6917632,0,0,,
United States,USA,1843,0,7764016,0,0,,
United States,USA,1844,0,9306560,0,0,,
United States,USA,1845,0,11204512,0,0,,
United States,USA,1846,0,12710416,0,0,,
United States,USA,1847,0,15070032,0,0,,
United States,USA,1848,0,16784784,0,0,,
United States,USA,1849,0,18221072,0,0,,
United States,USA,1850,0,19792928,0,0,,
United States,USA,1851,0,24633072,0,0,,
United States,USA,1852,0,26791168,0,0,,
United States,USA,1853,0,30162048,0,0,,
United States,USA,1854,0,33159198,0,0,,
United States,USA,1855,0,38160560,0,0,,
United States,USA,1856,0,40036530,0,0,,
United States,USA,1857,0,41055120,0,0,,
United States,USA,1858,0,41648690,0,0,,
United States,USA,1859,0,45320016,0,0,,
United States,USA,1860,201536,47236270,0,0,,
United States,USA,1861,861040,44818050,0,0,,
United States,USA,1862,1249328,46199470,0,0,,
United States,USA,1863,1066224,53743550,0,0,,
United States,USA,1864,864704,57792270,0,0,,
United States,USA,1865,1022256,57799600,0,0,,
United States,USA,1866,1469264,57762960,0,0,,
United States,USA,1867,1366741,71499230,0,0,,
United States,USA,1868,1491248,80860820,0,0,,
United States,USA,1869,1725744,91970060,0,0,,
United States,USA,1870,2048176,96572050,0,0,,
United States,USA,1871,2018863.9,101001820,0,0,,
United States,USA,1872,2410912,123894500,0,0,,
United States,USA,1873,3850864,135655940,0,0,,
United States,USA,1874,4323520,129973070,0,0,,
United States,USA,1875,3429504,132318040,0,0,,
United States,USA,1876,3484368,129335630,0,0,,
United States,USA,1877,5177103,141998450,0,0,,
United States,USA,1878,6056592,137847000,0,0,,
United States,USA,1879,7862944,167606020,0,0,,
United States,USA,1880,10383776,188300290,172324,0,,
United States,USA,1881,10915056,199277630,207825,0,,
United States,USA,1882,11966624,223262180,270173,164880,,
United States,USA,1883,9005982,244495200,348315,381051,,
United States,USA,1884,9116032,257300750,332520,1172480,,
United States,USA,1885,8134080,260312530,344990,3715296,,
United States,USA,1886,10724528,269062180,374085,7676080,,
United States,USA,1887,10768496,284824700,556368,11787088,,
United States,USA,1888,10526672,346574100,540619,16773792,,
United States,USA,1889,13538480,309776540,581910,12226768,,
United States,USA,1890,17788558,372269980,665041,11688053,,
United States,USA,1891,21251200,397225200,683561,8947488,,
United States,USA,1892,19628048,423045440,728105,7775008,,
United States,USA,1893,18701056,428105440,665246,7287696,,
United States,USA,1894,18976020,399375800,695154,6697850,,
United States,USA,1895,20532900,452372320,725842,7042154,,
United States,USA,1896,23837802,450195940,790856,6847964,,
United States,USA,1897,23533700,469464860,913555,7287643,,
United States,USA,1898,21507680,515352600,1006804.94,8460176,,
United States,USA,1899,22178192,592450500,1290216,10904064,,
United States,USA,1900,24651392,626544000,1394622,11541600,,
United States,USA,1901,27124592,681540700,1666220,12860640,,
United States,USA,1902,34870290,715930940,2158012,13692368,,
United States,USA,1903,39838670,840041600,2548447,14524096,,
United States,USA,1904,46789084,818270400,2748608,15161569,,1833750
United States,USA,1905,53853470,913479200,3512206,17165840,,1980450
United States,USA,1906,50273744,964049660,4497297,19016160,,2127150
United States,USA,1907,66688264,1115248500,4629558,19866146,,2053800.1
United States,USA,1908,71546930,959762800,4713431,19664688,,1833750
United States,USA,1909,73236030,1066608800,5950713,23508224,,2347200
United States,USA,1910,83931250,1160396200,6954379,24900544,,2347200
United States,USA,1911,88170500,1143127700,7116714,25087408,,2273850
United States,USA,1912,89320990,1224395300,7459594,27494656,,2347200
United States,USA,1913,107076740,1304578300,8321737.5,28458288,,2420550
United States,USA,1914,114617250,1172135700,7972093,28945600,,2273850
United States,USA,1915,120930320,1213597400,7762411,30740960,,2420550
United States,USA,1916,133981490,1345442700,8267625,36834190,,2713950
United States,USA,1917,147941330,1481644700,8369085.5,38882370,,2493900
United States,USA,1918,159189810,1551136100,6405459,35258670,,2127150
United States,USA,1919,179217230,1261251300,7281650,36482450,,2200500
United States,USA,1920,230645140,1465534100,8929972,39710430,,2347200
United States,USA,1921,246360030,1142651400,8819147,32961346,,1687050
United States,USA,1922,282487800,1112891600,10265071,37948148,,2420550
United States,USA,1923,334413280,1509469000,12310905,50127184,,2713950
United States,USA,1924,325557400,1313206900,13379609,56828640,,2713950
United States,USA,1925,341243680,1340480900,14206371,59173724,,3080700
United States,USA,1926,345266050,1477932900,14505546,65336450,,3007350
United States,USA,1927,396206620,1376693000,15066433,71938980,,2934000
United States,USA,1928,404402180,1330157600,15417118,78054040,,2934000
United States,USA,1929,445598200,1404589700,14995672,95462040,,2860650
United States,USA,1930,393406530,1238165500,14285978,96784350,,2273850
United States,USA,1931,366620770,1021481700,10809309,84213580,,1833750
United States,USA,1932,337650300,834232960,6655725,77954810,,1320300
United States,USA,1933,373786620,889861000,5587021,78101820,,1540350
United States,USA,1934,374993060,963920260,6899747,88811920,,1613700
United States,USA,1935,405206430,982155970,6684341,96293820,,1980450
United States,USA,1936,448356350,1143798300,9949767,108813470,,2493900
United States,USA,1937,513635260,1144951000,10368091,120941560,,2713950
United States,USA,1938,482195900,906793800,9239152,115320456,,2200500
United States,USA,1939,508157630,1024987900,10792336,124121944,,2860650
United States,USA,1940,557620500,1168881900,11548563,133706696,,3227400
United States,USA,1941,588735170,1294762400,14520138,141533000,,4034249.8
United States,USA,1942,565693250,1458596900,16085342,153855280,,4034249.8
United States,USA,1943,612935940,1470802800,12041096,171951520,,4327650
United States,USA,1944,700119740,1545850200,8031585.5,186574270,,4327650
United States,USA,1945,727377300,1421423100,9113674,197676460,,3960900
United States,USA,1946,737018430,1298758100,14653015,203103180,,3960900
United States,USA,1947,791342200,1449230700,16647495,224086240,,4547700
United States,USA,1948,874345200,1433190300,18417082,251764780,,4841100
United States,USA,1949,813723100,1063102300,18787668,265068420,,4180950.2
United States,USA,1950,896800640,1257231900,20124554,319218660,43121616,4987800
United States,USA,1951,960661900,1211591200,22040594,376209060,42700316,5501250
United States,USA,1952,1000966700,1074169700,22255512,402786600,45682684,5354550
United States,USA,1953,1050079000,1065955100,23520854,423341600,43619856,6454800
United States,USA,1954,1063210560,913448500,24130538,443999200,38951930,5721300
United States,USA,1955,1147901800,1026216770,26583754,479192580,41645024,6968250
United States,USA,1956,1203785200,1068352800,28390270,505888480,46529136,7041600
United States,USA,1957,1193663100,1024078400,27005510,540645900,43557690,6821550
United States,USA,1958,1220046100,888344100,27757922,570701000,34097184,6161400
United States,USA,1959,1258455800,910965600,30233982,593208900,30755616,8288550.5
United States,USA,1960,1281630600,917956600,28798110,630024770,30315936,8581950
United States,USA,1961,1297316200,887431740,28698812,636414800,28198144,8802000
United States,USA,1962,1334747500,920814500,29878496,676367040,22921984,9168750
United States,USA,1963,1359256000,987004600,31435142,718455400,20650304,9682200
United States,USA,1964,1393917400,1049171800,33025684,759070850,18411600,10709100
United States,USA,1965,1464691300,1090611600,33294738,782604740,17187824,11149200
United States,USA,1966,1529661400,1132714600,34572616,842207040,20232608,12029400
United States,USA,1967,1589192400,1163051400,33593924,881282700,26384438,11956050
United States,USA,1968,1689422700,1139606500,35319776,936360800,27817088,12396150
United States,USA,1969,1781627300,1158010900,35696996,1018082700,28315392,13423050
United States,USA,1970,2038081700,1168108900,34924148,1059211100,26248896,13129650
United States,USA,1971,2097305000,1107424800,35509772,1096927400,15260547,13056300
United States,USA,1972,2269172200,1124861700,36523492,1115672400,13307637,13496400
United States,USA,1973,2321484300,1218720800,36917056,1173333000,13186746,14083200
United States,USA,1974,2221063200,1195945300,36806316,1131371300,8899856,14376600
United States,USA,1975,2158561300,1177800400,30463224,1027755500,7111824,12762900
United States,USA,1976,2287127800,1246707200,32370022,1034498750,7338992,13496400
United States,USA,1977,2406244000,1277582600,33978904,1011156860,7262048,13276350
United States,USA,1978,2501624000,1302327300,35615820,1036079100,8123088,13569750
United States,USA,1979,2392394800,1398657200,35940400,1058970240,8866873,13936500
United States,USA,1980,2207236000,1429848400,32921692,1040905540,6690464,12616200
United States,USA,1981,2036676100,1456649500,31962156,1000570430,5232192,12542850
United States,USA,1982,1932931700,1404552800,28440770,931614000,4990368,9388800
United States,USA,1983,1940380400,1476306800,30439504,884262600,5089300,9902250
United States,USA,1984,1953672700,1552072800,32914974,924367550,5789115,10562400
United States,USA,1985,1954506400,1598528400,31708006,895119900,5100288,10415700
United States,USA,1986,2036233100,1577180800,32853614,837016260,5243180,9608850
United States,USA,1987,2082854800,1661618400,32975762,897360300,6631840,10489050
United States,USA,1988,2172407600,1737956700,33248028,935151300,7643098,11369250
United States,USA,1989,2163697700,1751781200,33264206,992456300,7595472,11442600
United States,USA,1990,2139345700,1781824100,33484142,1004974850,42667580,129464664
United States,USA,1991,2082099100,1764220700,32736466,1023331600,41847864,132176984
United States,USA,1992,2130488800,1780598900,32992978,1058592500,41455564,134640860
United States,USA,1993,2144156500,1847291900,34837976,1090165800,41099020,121969290
United States,USA,1994,2181843700,1855937800,36310430,1114333700,41050100,132387390
United States,USA,1995,2174303500,1875786900,37075280,1163186200,39276276,136209280
United States,USA,1996,2257022700,1951815000,37308896,1181318500,37885628,135743180
United States,USA,1997,2273815600,1992723300,38560744,1186716700,37910820,143416860
United States,USA,1998,2320080100,2018609200,39460870,1165558900,35580260,157070960
United States,USA,1999,2374201300,2013120000,40238724,1168759000,35494292,168467890
United States,USA,2000,2440404700,2122339800,41445308,1227528700,35983784,155455100
United States,USA,2001,2448622000,2054728600,41613364,1173162200,35707132,149728780
United States,USA,2002,2443823000,2060072100,43163870,1212086700,36090860,152582780
United States,USA,2003,2505134300,2100323200,43349104,1176551200,36137640,144944260
United States,USA,2004,2571107300,2115292700,45885580,1177527700,36823840,164907630
United States,USA,2005,2584129800,2139954300,46194124,1160660500,37015476,158948820
United States,USA,2006,2550540000,2103871100,46850744,1146714100,38003236,159346980
United States,USA,2007,2538968000,2130169200,45508880,1221593000,38480836,146822560
United States,USA,2008,2370622700,2096887900,41415652,1229733200,40051550,140509570
United States,USA,2009,2243789800,1842391700,29614644,1211965600,38602010,119740490
United States,USA,2010,2258292700,1946510200,31449236,1266778100,40895596,125323980
United States,USA,2011,2212685800,1840243000,32208358,1287588500,43764344,122483210
United States,USA,2012,2152244200,1625427200,35270344,1344718500,47492270,126314776
United States,USA,2013,2178417200,1684671700,36369228,1381182800,53022504,139772620
United States,USA,2014,2210569200,1682162200,39439020,1411354900,58748228,129111740
United States,USA,2015,2235988000,1446990200,39907292,1444047200,60574200,140989700
United States,USA,2016,2252270300,1319993100,39439020,1451145900,51654804,130858790
United States,USA,2017,2259156700,1277049000,40323536,1424996400,55271772,138620370
United States,USA,2018,2305441300,1224379900,38970744,1577716200,67921700,146806450
United States,USA,2019,2299820000,1043896260,40895870,1632055700,84519540,134724800
United States,USA,2020,1991578800,853924740,40687748,1612504000,66084984,125173320
United States,USA,2021,2182605600,979503550,41312110,1617423900,60220588,139045520
United States,USA,2022,2198937000,916343040,41884444,1707391400,58882028,131965020
United States,USA,2023,2199111000,758572000,40635716,1723424100,61328160,135335890
United States,USA,2024,2189161000,732886300,37270656,1748137700,61328160,135335890